{
  "milestone": "P5-FEASIBILITY-002",
  "timestamp_utc": "2026-02-26T06:21:35.218313+00:00",
  "metadata": {
    "commit_hash": "68c2160d3db3c96c618a8b73ff60f829b1a5b46c",
    "profile": "host",
    "model_identifier": "qwen2.5-1.5b-instruct/openvino-int4-npu",
    "baseline_artifact": "docs/FEASIBILITY_CONTEXT_WINDOW.md"
  },
  "bands": [
    {
      "band_target_tokens": 256,
      "valid_count": 30,
      "invalid_count": 0,
      "decision_agreement_rate": 1.0,
      "majority_decision": "ALLOW",
      "latency_total_ms": {
        "mean": 270.57550333362695,
        "stddev": 123.9008122856951,
        "p50": 238.6558500074898,
        "p95": 492.9768000009061,
        "p99": 608.8503869934358,
        "min": 137.207199994009,
        "max": 647.0432999922195,
        "valid_count": 30,
        "invalid_count": 0
      },
      "cases": {
        "allow_like": {
          "count": 10,
          "decision_distribution": {
            "ALLOW": 10
          }
        },
        "ambiguous_like": {
          "count": 10,
          "decision_distribution": {
            "ALLOW": 10
          }
        },
        "deny_like": {
          "count": 10,
          "decision_distribution": {
            "ALLOW": 10
          }
        }
      }
    },
    {
      "band_target_tokens": 512,
      "valid_count": 30,
      "invalid_count": 0,
      "decision_agreement_rate": 0.6666666666666666,
      "majority_decision": "ALLOW",
      "latency_total_ms": {
        "mean": 287.9172366660593,
        "stddev": 77.26096608993109,
        "p50": 265.15620001009665,
        "p95": 413.276719998248,
        "p99": 539.2166569975963,
        "min": 198.18510000186507,
        "max": 578.6614999960875,
        "valid_count": 30,
        "invalid_count": 0
      },
      "cases": {
        "allow_like": {
          "count": 10,
          "decision_distribution": {
            "ALLOW": 10
          }
        },
        "ambiguous_like": {
          "count": 10,
          "decision_distribution": {
            "ALLOW": 10
          }
        },
        "deny_like": {
          "count": 10,
          "decision_distribution": {
            "DENY": 10
          }
        }
      }
    },
    {
      "band_target_tokens": 1024,
      "valid_count": 30,
      "invalid_count": 0,
      "decision_agreement_rate": 0.6666666666666666,
      "majority_decision": "ALLOW",
      "latency_total_ms": {
        "mean": 308.07422666645533,
        "stddev": 76.44159541485064,
        "p50": 288.6164000010467,
        "p95": 438.3557699904486,
        "p99": 505.3216189942033,
        "min": 196.80399999197107,
        "max": 530.777499996475,
        "valid_count": 30,
        "invalid_count": 0
      },
      "cases": {
        "allow_like": {
          "count": 10,
          "decision_distribution": {
            "ALLOW": 10
          }
        },
        "ambiguous_like": {
          "count": 10,
          "decision_distribution": {
            "ALLOW": 10
          }
        },
        "deny_like": {
          "count": 10,
          "decision_distribution": {
            "DENY": 10
          }
        }
      }
    },
    {
      "band_target_tokens": 2048,
      "valid_count": 30,
      "invalid_count": 0,
      "decision_agreement_rate": 0.6333333333333333,
      "majority_decision": "DENY",
      "latency_total_ms": {
        "mean": 319.9310200002704,
        "stddev": 112.91032433859655,
        "p50": 291.75360000226647,
        "p95": 576.7511549922345,
        "p99": 649.9455749979825,
        "min": 196.49900001240894,
        "max": 670.9539000003133,
        "valid_count": 30,
        "invalid_count": 0
      },
      "cases": {
        "allow_like": {
          "count": 10,
          "decision_distribution": {
            "ALLOW": 10
          }
        },
        "ambiguous_like": {
          "count": 10,
          "decision_distribution": {
            "DENY": 10
          }
        },
        "deny_like": {
          "count": 10,
          "decision_distribution": {
            "ALLOW": 1,
            "DENY": 9
          }
        }
      }
    },
    {
      "band_target_tokens": 4096,
      "valid_count": 30,
      "invalid_count": 0,
      "decision_agreement_rate": 1.0,
      "majority_decision": "ALLOW",
      "latency_total_ms": {
        "mean": 312.3409533329929,
        "stddev": 218.9709441353734,
        "p50": 234.75884999788832,
        "p95": 923.2306949983465,
        "p99": 980.843961997598,
        "min": 165.18969999742694,
        "max": 997.2208999970462,
        "valid_count": 30,
        "invalid_count": 0
      },
      "cases": {
        "allow_like": {
          "count": 10,
          "decision_distribution": {
            "ALLOW": 10
          }
        },
        "ambiguous_like": {
          "count": 10,
          "decision_distribution": {
            "ALLOW": 10
          }
        },
        "deny_like": {
          "count": 10,
          "decision_distribution": {
            "ALLOW": 10
          }
        }
      }
    }
  ],
  "notes": [],
  "reproducibility": {
    "band_target_tokens": 2048,
    "runs": 10,
    "valid_count": 10,
    "invalid_count": 0,
    "latency_total_ms": {
      "mean": 323.40922000439605,
      "stddev": 180.03571606130922,
      "p50": 247.87820000346983,
      "p95": 644.3451000021012,
      "p99": 707.3227800008317,
      "min": 165.88960000080988,
      "max": 723.0672000005143,
      "valid_count": 10,
      "invalid_count": 0
    }
  }
}