{
  "milestone": "P5-FEASIBILITY-002",
  "timestamp_utc": "2026-02-26T06:21:32.783033+00:00",
  "metadata": {
    "commit_hash": "68c2160d3db3c96c618a8b73ff60f829b1a5b46c",
    "profile": "host",
    "model_identifier": "qwen2.5-1.5b-instruct/openvino-int4-npu",
    "baseline_artifact": "docs/FEASIBILITY_CONTEXT_WINDOW.md"
  },
  "design": {
    "threshold": 0.85,
    "runs_per_case": 30,
    "pre_placement": "sensitive marker within first 64 tokens",
    "post_placement": "sensitive marker after token 128"
  },
  "cases": {
    "pre_128": {
      "valid_count": 30,
      "invalid_count": 0,
      "score": {
        "mean": 0.6887246489524841,
        "stddev": 0.00662845147273053,
        "p50": 0.6889613270759583,
        "p95": 0.6971777558326722,
        "p99": 0.7003200364112854,
        "min": 0.6725047826766968,
        "max": 0.701488733291626,
        "valid_count": 30,
        "invalid_count": 0
      },
      "token_len": {
        "mean": 49.666666666666664,
        "stddev": 0.4714045207910317,
        "p50": 50.0,
        "p95": 50.0,
        "p99": 50.0,
        "min": 49.0,
        "max": 50.0,
        "valid_count": 30,
        "invalid_count": 0
      },
      "detection_rate": 0.0
    },
    "post_128": {
      "valid_count": 30,
      "invalid_count": 0,
      "score": {
        "mean": 0.4688108563423157,
        "stddev": 0.0,
        "p50": 0.4688108563423157,
        "p95": 0.4688108563423157,
        "p99": 0.4688108563423157,
        "min": 0.4688108563423157,
        "max": 0.4688108563423157,
        "valid_count": 30,
        "invalid_count": 0
      },
      "token_len": {
        "mean": 490.6666666666667,
        "stddev": 0.4714045207910317,
        "p50": 491.0,
        "p95": 491.0,
        "p99": 491.0,
        "min": 490.0,
        "max": 491.0,
        "valid_count": 30,
        "invalid_count": 0
      },
      "detection_rate": 0.0
    }
  },
  "summary": {
    "false_negative_rate_pre_128": 1.0,
    "false_negative_rate_post_128": 1.0,
    "false_positive_rate": 0.0,
    "blind_spot_delta": 0.0,
    "interpretation": "Higher post-128 FN indicates truncation-driven blind spot risk"
  },
  "detector": {
    "model_path": "C:\\Users\\mrbla\\BlarAI\\models\\bge-small-en-v1.5\\onnx-fp16\\model.onnx",
    "loaded": true
  }
}