{
  "openvino": "2026.1.0-21367-63e31528c62-releases/2026/1",
  "openvino_genai": "2026.1.0.0-2957-1dabb8c2255",
  "labels": [
    "cold",
    "prod1",
    "prod2",
    "warm1",
    "warm2"
  ],
  "load_seconds_by_label": {
    "cold": 1.989,
    "prod1": 1.713,
    "prod2": 1.717,
    "warm1": 0.749,
    "warm2": 0.756
  },
  "fresh_compile_mean_s": 1.715,
  "cold_cache_s": 1.989,
  "warm_cache_mean_s": 0.7525,
  "blob_bytes": 496225367,
  "integrity_hash_seconds": 0.29140750000078697,
  "warm_plus_hash_s": 1.043907500000787,
  "net_save_vs_fresh_s": 0.6710924999992132,
  "output_identity": true,
  "transcript_shas": []
}